﻿<?xml version="1.0" encoding="utf-8"?>
<Package xmlns="http://schemas.microsoft.com/appx/2010/manifest" xmlns:build="http://schemas.microsoft.com/developer/appx/2012/build" IgnorableNamespaces="build">
  <!--
    DIESE PAKETMANIFESTDATEI WIRD DURCH DEN BUILDVORGANG GENERIERT.

    Änderungen an dieser Datei gehen verloren, wenn sie erneut erstellt wird. Um Fehler in dieser Datei zu beheben, bearbeiten Sie die '.appxmanifest'-Quelldatei.

    Weitere Informationen zu Paketmanifestdateien finden Sie unter http://go.microsoft.com/fwlink/?LinkID=241727
  -->
  <Identity Name="900fe853-e7d5-42bf-8690-182315be695a" Version="1.0.0.0" Publisher="CN=michael.jahn" ProcessorArchitecture="x64" />
  <Properties>
    <DisplayName>WindowsStoreJavaScriptDemo</DisplayName>
    <PublisherDisplayName>michael.jahn</PublisherDisplayName>
    <Logo>images\storelogo.png</Logo>
  </Properties>
  <Prerequisites>
    <OSMinVersion>6.2.1</OSMinVersion>
    <OSMaxVersionTested>6.2.1</OSMaxVersionTested>
  </Prerequisites>
  <Resources>
    <Resource Language="DE-DE" />
  </Resources>
  <Applications>
    <Application Id="App" StartPage="default.html">
      <VisualElements DisplayName="WindowsStoreJavaScriptDemo" Logo="images\logo.png" SmallLogo="images\smalllogo.png" Description="WindowsStoreJavaScriptDemo" ForegroundText="light" BackgroundColor="#464646">
        <DefaultTile ShowName="allLogos" />
        <SplashScreen Image="images\splashscreen.png" />
      </VisualElements>
    </Application>
  </Applications>
  <Capabilities>
    <Capability Name="internetClient" />
  </Capabilities>
  <Dependencies>
    <PackageDependency Name="Microsoft.WinJS.1.0" MinVersion="1.0.9200.20789" />
  </Dependencies>
  <Extensions>
    <Extension Category="windows.activatableClass.inProcessServer">
      <InProcessServer>
        <Path>CLRHost.dll</Path>
        <ActivatableClass ActivatableClassId="ZXing.OneD.Code128EncodingOptions" ThreadingModel="both" />
        <ActivatableClass ActivatableClassId="ZXing.OneD.UPCAWriter" ThreadingModel="both" />
        <ActivatableClass ActivatableClassId="ZXing.ResultPoint" ThreadingModel="both" />
        <ActivatableClass ActivatableClassId="ZXing.Result" ThreadingModel="both" />
        <ActivatableClass ActivatableClassId="ZXing.Aztec.AztecEncodingOptions" ThreadingModel="both" />
        <ActivatableClass ActivatableClassId="ZXing.Aztec.AztecWriter" ThreadingModel="both" />
        <ActivatableClass ActivatableClassId="ZXing.Aztec.AztecResultMetadata" ThreadingModel="both" />
        <ActivatableClass ActivatableClassId="ZXing.BarcodeWriter" ThreadingModel="both" />
        <ActivatableClass ActivatableClassId="ZXing.PDF417.PDF417ResultMetadata" ThreadingModel="both" />
        <ActivatableClass ActivatableClassId="ZXing.PDF417.Internal.Dimensions" ThreadingModel="both" />
        <ActivatableClass ActivatableClassId="ZXing.PDF417.PDF417Writer" ThreadingModel="both" />
        <ActivatableClass ActivatableClassId="ZXing.PDF417.PDF417EncodingOptions" ThreadingModel="both" />
        <ActivatableClass ActivatableClassId="ZXing.BarcodeReader" ThreadingModel="both" />
        <ActivatableClass ActivatableClassId="ZXing.QrCode.QRCodeWriter" ThreadingModel="both" />
        <ActivatableClass ActivatableClassId="ZXing.QrCode.QrCodeEncodingOptions" ThreadingModel="both" />
        <ActivatableClass ActivatableClassId="ZXing.QrCode.Internal.ErrorCorrectionLevel" ThreadingModel="both" />
        <ActivatableClass ActivatableClassId="ZXing.QrCode.Internal.QRCodeDecoderMetaData" ThreadingModel="both" />
        <ActivatableClass ActivatableClassId="ZXing.Rendering.PixelDataRenderer" ThreadingModel="both" />
        <ActivatableClass ActivatableClassId="ZXing.Datamatrix.DatamatrixEncodingOptions" ThreadingModel="both" />
        <ActivatableClass ActivatableClassId="ZXing.Datamatrix.Encoder.DefaultPlacement" ThreadingModel="both" />
        <ActivatableClass ActivatableClassId="ZXing.Datamatrix.DataMatrixWriter" ThreadingModel="both" />
        <ActivatableClass ActivatableClassId="ZXing.Datamatrix.Internal.Version" ThreadingModel="both" />
        <ActivatableClass ActivatableClassId="ZXing.Common.BitArray" ThreadingModel="both" />
        <ActivatableClass ActivatableClassId="ZXing.Common.Detector.WhiteRectangleDetector" ThreadingModel="both" />
        <ActivatableClass ActivatableClassId="ZXing.Common.EncodingOptions" ThreadingModel="both" />
        <ActivatableClass ActivatableClassId="ZXing.Common.BitMatrix" ThreadingModel="both" />
        <ActivatableClass ActivatableClassId="ZXing.Common.DecodingOptions" ThreadingModel="both" />
        <ActivatableClass ActivatableClassId="ZXing.Common.ReedSolomon.GenericGF" ThreadingModel="both" />
        <ActivatableClass ActivatableClassId="ZXing.Common.BitSource" ThreadingModel="both" />
        <ActivatableClass ActivatableClassId="ZXing.Dimension" ThreadingModel="both" />
      </InProcessServer>
    </Extension>
  </Extensions>
  <build:Metadata>
    <build:Item Name="VisualStudio" Version="11.0" />
    <build:Item Name="VisualStudioEdition" Value="Microsoft Visual Studio Premium 2012" />
    <build:Item Name="OperatingSystem" Version="6.2.9200.16384 (win8_rtm.120725-1247)" />
    <build:Item Name="Microsoft.Build.AppxPackage.dll" Version="11.0.60610.1" />
    <build:Item Name="MakePri.exe" Version="6.2.9200.16384 (win8_rtm.120725-1247)" />
  </build:Metadata>
</Package>