﻿<?xml version="1.0" encoding="utf-8"?>
<Package xmlns="http://schemas.microsoft.com/appx/2010/manifest" xmlns:build="http://schemas.microsoft.com/developer/appx/2012/build" IgnorableNamespaces="build">
  <!--
    DIESE PAKETMANIFESTDATEI WIRD DURCH DEN BUILDVORGANG GENERIERT.

    Änderungen an dieser Datei gehen verloren, wenn sie erneut erstellt wird. Um Fehler in dieser Datei zu beheben, bearbeiten Sie die '.appxmanifest'-Quelldatei.

    Weitere Informationen zu Paketmanifestdateien finden Sie unter http://go.microsoft.com/fwlink/?LinkID=241727
  -->
  <Identity Name="7efee143-52f5-45aa-8fe4-0d6cccd8a3e4" Publisher="CN=jfrench" Version="1.0.0.0" ProcessorArchitecture="neutral" />
  <Properties>
    <DisplayName>WindowsRTDemo</DisplayName>
    <PublisherDisplayName>jfrench</PublisherDisplayName>
    <Logo>Assets\StoreLogo.png</Logo>
  </Properties>
  <Prerequisites>
    <OSMinVersion>6.2.1</OSMinVersion>
    <OSMaxVersionTested>6.2.1</OSMaxVersionTested>
  </Prerequisites>
  <Resources>
    <Resource Language="EN-US" />
  </Resources>
  <Applications>
    <Application Id="App" Executable="WindowsRTDemo.exe" EntryPoint="ZXingDemo.App">
      <VisualElements DisplayName="ZXing Demo" Logo="Assets\Logo.png" SmallLogo="Assets\SmallLogo.png" Description="WindowsRT ZXing Demo" ForegroundText="light" BackgroundColor="#464646">
        <DefaultTile ShowName="allLogos" />
        <SplashScreen Image="Assets\SplashScreen.png" />
      </VisualElements>
    </Application>
  </Applications>
  <Capabilities>
    <Capability Name="picturesLibrary" />
    <DeviceCapability Name="microphone" />
    <DeviceCapability Name="webcam" />
  </Capabilities>
  <build:Metadata>
    <build:Item Name="TargetFrameworkMoniker" Value=".NETCore,Version=v4.5" />
    <build:Item Name="VisualStudio" Version="11.0" />
    <build:Item Name="VisualStudioEdition" Value="Microsoft Visual Studio Premium 2012" />
    <build:Item Name="OperatingSystem" Version="6.2.9200.16384 (win8_rtm.120725-1247)" />
    <build:Item Name="Microsoft.Build.AppxPackage.dll" Version="11.0.60610.1" />
    <build:Item Name="Microsoft.Windows.UI.Xaml.Build.Tasks.dll" Version="11.0.60315.1" />
    <build:Item Name="MakePri.exe" Version="6.2.9200.16384 (win8_rtm.120725-1247)" />
  </build:Metadata>
</Package>