﻿<?xml version="1.0" encoding="utf-8"?>
<Deployment xmlns="http://schemas.microsoft.com/windowsphone/2012/deployment" AppPlatformVersion="8.0">
  <DefaultLanguage xmlns="" code="de-DE" />
  <App xmlns="" ProductID="{ba46155f-1b44-4de5-a625-bb351d14ad91}" Title="ZXing.net" RuntimeType="Silverlight" Version="0.11.0.1" Genre="apps.normal" Author="Fabian Henzler" Description="ZXing.net for Windows Phone 8 Demo" Publisher="zxingnet.codeplex.com" PublisherID="{9f0ea479-1b85-49ad-a243-0d0a960efc38}">
    <IconPath IsRelative="true" IsResource="false">Assets\ApplicationIcon.png</IconPath>
    <Capabilities>
      <Capability Name="ID_CAP_MEDIALIB_PHOTO" />
      <Capability Name="ID_CAP_ISV_CAMERA" />
    </Capabilities>
    <Tasks>
      <DefaultTask Name="_default" NavigationPage="Views/MainView.xaml" />
    </Tasks>
    <Tokens>
      <PrimaryToken TokenID="WindowsPhone8DemoToken" TaskName="_default">
        <TemplateFlip>
          <SmallImageURI IsRelative="true" IsResource="false">Assets\Tiles\FlipCycleTileSmall.png</SmallImageURI>
          <Count>0</Count>
          <BackgroundImageURI IsRelative="true" IsResource="false">Assets\Tiles\FlipCycleTileMedium.png</BackgroundImageURI>
          <Title>
          </Title>
          <BackContent>
          </BackContent>
          <BackBackgroundImageURI>
          </BackBackgroundImageURI>
          <BackTitle>
          </BackTitle>
          <LargeBackgroundImageURI IsRelative="true" IsResource="false">Assets\Tiles\FlipCycleTileLarge.png</LargeBackgroundImageURI>
          <LargeBackContent />
          <LargeBackBackgroundImageURI IsRelative="true" IsResource="false">
          </LargeBackBackgroundImageURI>
          <DeviceLockImageURI>
          </DeviceLockImageURI>
          <HasLarge>True</HasLarge>
        </TemplateFlip>
      </PrimaryToken>
    </Tokens>
    <ScreenResolutions>
      <ScreenResolution Name="ID_RESOLUTION_WVGA" />
      <ScreenResolution Name="ID_RESOLUTION_WXGA" />
      <ScreenResolution Name="ID_RESOLUTION_HD720P" />
    </ScreenResolutions>
  </App>
</Deployment>